Page Group,Page Name,Language,URL,Status/Note
PBA Homepage,PBA Homepage,EN,https://www.rbcroyalbank.com/bank-accounts/index.html,
PBA Homepage,PBA Homepage,FR,https://www.rbcroyalbank.com/fr/comptes-bancaires/index.html,
PBA Category Pages,Chequing,EN,https://www.rbcroyalbank.com/bank-accounts/chequing-accounts/index.html,
PBA Category Pages,Chequing,FR,https://www.rbcroyalbank.com/fr/comptes-bancaires/comptes-de-cheques/index.html,
PBA Category Pages,Savings,EN,https://www.rbcroyalbank.com/bank-accounts/savings-accounts/index.html,
PBA Category Pages,Savings,FR,https://www.rbcroyalbank.com/fr/comptes-bancaires/comptes-depargne/index.html,
PBA Category Pages,Student Banking,EN,https://www.rbcroyalbank.com/bank-accounts/youth-student-banking/index.html,
PBA Category Pages,Student Banking,FR,https://www.rbcroyalbank.com/fr/comptes-bancaires/comptes-jeunes-etudiants/index.html,
PBA Category Pages,RBC Value Program,EN,https://www.rbcroyalbank.com/bank-accounts/value-program.html,
PBA Category Pages,RBC Value Program,FR,https://www.rbcroyalbank.com/fr/comptes-bancaires/value-program.html,
PBA Category Pages,RBC Vantage,EN,https://www.rbcroyalbank.com/bank-accounts/rbc-vantage.html,
PBA Category Pages,RBC Vantage,FR,https://www.rbcroyalbank.com/fr/comptes-bancaires/rbc-vantage.html,
PBA Category Pages,International Banking,EN,https://www.rbcroyalbank.com/international-banking/index.html#new-to-rbc,No longer in scope for VIP
PBA Category Pages,International Banking,FR,https://www.rbcroyalbank.com/fr/international-banking/index.html,No longer in scope for VIP
PBA Tools Pages,Chequing,EN,https://www.rbcroyalbank.com/bank-accounts/chequing-accounts/compare-chequing-accounts.html,
PBA Tools Pages,Chequing,FR,https://www.rbcroyalbank.com/fr/comptes-bancaires/comptes-de-cheques/comparer-les-comptes-cheques.html,
PBA Tools Pages,Chequing,EN,https://www.rbcroyalbank.com/bank-accounts/chequing-accounts/find-chequing-account.html,
PBA Tools Pages,Chequing,FR,https://www.rbcroyalbank.com/fr/comptes-bancaires/comptes-de-cheques/trouver-un-compte-cheques.html,
PBA Tools Pages,Savings,EN,https://www.rbcroyalbank.com/bank-accounts/savings-accounts/compare-savings-accounts.html,
PBA Tools Pages,Savings,FR,https://www.rbcroyalbank.com/fr/comptes-bancaires/comptes-depargne/comparer-les-comptes-depargne.html,
PBA Tools Pages,Savings,EN,https://www.rbcroyalbank.com/bank-accounts/savings-accounts/savings-interest-calculator.html,
PBA Tools Pages,Savings,FR,https://www.rbcroyalbank.com/fr/comptes-bancaires/comptes-depargne/calculateur-dinterets-depargne.html,
PBA Tools Pages,Student Banking,EN,https://www.rbcroyalbank.com/bank-accounts/youth-student-banking/budget-calculator.html,
PBA Tools Pages,Student Banking,FR,https://www.rbcroyalbank.com/fr/comptes-bancaires/comptes-jeunes-etudiants/calculatrice-de-budget-etudiant.html,
PBA Product Pages,Chequing,EN,https://www.rbcroyalbank.com/bank-accounts/chequing-accounts/day-to-day-banking.html,
PBA Product Pages,Chequing,FR,https://www.rbcroyalbank.com/fr/comptes-bancaires/comptes-de-cheques/forfait-bancaire-courant.html,
PBA Product Pages,Chequing,EN,https://www.rbcroyalbank.com/bank-accounts/chequing-accounts/advantage-banking.html,
PBA Product Pages,Chequing,FR,https://www.rbcroyalbank.com/fr/comptes-bancaires/comptes-de-cheques/forfait-bancaire-avantage.html,
PBA Product Pages,Chequing,EN,https://www.rbcroyalbank.com/bank-accounts/chequing-accounts/signature-no-limit-banking.html,
PBA Product Pages,Chequing,FR,https://www.rbcroyalbank.com/fr/comptes-bancaires/comptes-de-cheques/forfait-bancaire-sans-limite-signature.html,
PBA Product Pages,Chequing,EN,https://www.rbcroyalbank.com/bank-accounts/chequing-accounts/vip-banking.html,
PBA Product Pages,Chequing,FR,https://www.rbcroyalbank.com/fr/comptes-bancaires/comptes-de-cheques/forfait-bancaire-vip.html,
PBA Product Pages,Savings,EN,https://www.rbcroyalbank.com/bank-accounts/savings-accounts/high-interest-savings-account.html,
PBA Product Pages,Savings,FR,https://www.rbcroyalbank.com/fr/comptes-bancaires/comptes-depargne/compte-epargne-a-interet-eleve.html,
PBA Product Pages,Savings,EN,https://www.rbcroyalbank.com/bank-accounts/savings-accounts/day-to-day-savings.html,
PBA Product Pages,Savings,FR,https://www.rbcroyalbank.com/fr/comptes-bancaires/comptes-depargne/compte-epargne-courante.html,
PBA Product Pages,Savings,EN,https://www.rbcroyalbank.com/bank-accounts/nomi-find-and-save.html,
PBA Product Pages,Savings,FR,https://www.rbcroyalbank.com/fr/comptes-bancaires/nomi-find-and-save.html,
PBA Product Pages,Savings,EN,https://www.rbcroyalbank.com/bank-accounts/savings-accounts/enhanced-savings.html,
PBA Product Pages,Savings,FR,https://www.rbcroyalbank.com/fr/comptes-bancaires/comptes-depargne/compte-epargne-privilege.html,
PBA Product Pages,Student Banking,EN,https://www.rbcroyalbank.com/bank-accounts/youth-student-banking/advantage-banking-students.html,
PBA Product Pages,Student Banking,FR,https://www.rbcroyalbank.com/fr/comptes-bancaires/comptes-jeunes-etudiants/forfait-bancaire-avantage-etudiant.html,
PBA Product Pages,Student Banking,EN,https://www.rbcroyalbank.com/bank-accounts/youth-student-banking/leo-young-savers-account.html,
PBA Product Pages,Student Banking,FR,https://www.rbcroyalbank.com/fr/comptes-bancaires/comptes-jeunes-etudiants/compte-epargne-jeunesse-leo.html,
PBA Product Pages,International Banking,EN,https://www.rbcroyalbank.com/banking-services/international-money-transfer.html,No longer in scope for VIP
PBA Product Pages,International Banking,FR,https://www.rbcroyalbank.com/fr/services-bancaires/envois-internationaux-fonds.html,No longer in scope for VIP
PBA Product Pages,International Banking,EN,https://www.rbcroyalbank.com/bank-accounts/us-foreign-currency-accounts.html,
PBA Product Pages,International Banking,FR,https://www.rbcroyalbank.com/fr/comptes-bancaires/us-foreign-currency-accounts.html,
PBA Product Pages,International Banking,EN,https://www.rbcroyalbank.com/bank-accounts/euro-savings-account.html,
PBA Product Pages,International Banking,FR,https://www.rbcroyalbank.com/fr/comptes-bancaires/euro-savings-account.html,
PBA Product Pages,International Banking,EN,https://www.rbcroyalbank.com/bank-accounts/british-pound-savings-account.html,
PBA Product Pages,International Banking,FR,https://www.rbcroyalbank.com/fr/comptes-bancaires/british-pound-savings-account.html,
PBA Product Pages,International Banking,EN,https://www.rbcroyalbank.com/bank-accounts/hong-kong-dollar-savings-account.html,
PBA Product Pages,International Banking,FR,https://www.rbcroyalbank.com/fr/comptes-bancaires/hong-kong-dollar-savings-account.html,
PBA Product Pages,International Banking,EN,https://www.rbcroyalbank.com/bank-accounts/us-personal-account.html,
PBA Product Pages,International Banking,FR,https://www.rbcroyalbank.com/fr/comptes-bancaires/us-personal-account.html,
PBA Product Pages,International Banking,EN,https://www.rbcroyalbank.com/bank-accounts/us-high-interest-savings-account.html,
PBA Product Pages,International Banking,FR,https://www.rbcroyalbank.com/fr/comptes-bancaires/us-high-interest-savings-account.html,
PBA Campaign Pages,Accounts,EN,https://www.rbcroyalbank.com/bank-accounts/new-bank-accounts-offers-canada.html,
PBA Campaign Pages,Accounts,FR,https://www.rbcroyalbank.com/fr/comptes-bancaires/nouvelle-offre-comptes-bancaires-canada.html,
PBA Campaign Pages,Chequing,EN,https://www.rbcroyalbank.com/bank-accounts/bank-account-credit-card-offers-canada.html,
PBA Campaign Pages,Chequing,FR,https://www.rbcroyalbank.com/fr/comptes-bancaires/offres-carte-compte-bancaire-canada.html,
PBA Campaign Pages,Chequing,EN,https://www.rbcroyalbank.com/bank-accounts/no-fee-bank-account-offer-in-canada.html,
PBA Campaign Pages,Chequing,FR,https://www.rbcroyalbank.com/fr/comptes-bancaires/offre-comptes-bancaires-sans-frais-canada.html,
PBA Campaign Pages,Chequing,EN,https://www.rbcroyalbank.com/nbo/pba/open-an-account/westjet-offer-e-or.html,No longer in scope for VIP
PBA Campaign Pages,Chequing,FR,https://www.rbcroyalbank.com/fr/nbo/pba/open-an-account/westjet-offer-e-or.html,No longer in scope for VIP
PBA Campaign Pages,Student Banking,FR,https://www.rbcroyalbank.com/fr/comptes-bancaires/etudiants/offres/index.html,
PBA Campaign Pages,Newcomers,EN,https://www.rbcroyalbank.com/new-to-canada/hybrid/bank-account-offers.html,
PBA Campaign Pages,Newcomers,FR,https://www.rbcroyalbank.com/nouveaux-arrivants/hybride/offres-de-comptes-bancaire.html,
PBA Campaign Pages,Newcomers,SC,https://www.rbcroyalbank.com/sc/new-to-canada/hybrid/bank-account-offers.html,
PBA Campaign Pages,Newcomers,TC,https://www.rbcroyalbank.com/tc/new-to-canada/hybrid/bank-account-offers.html,
PBA Campaign Pages,Newcomers,EN,https://www.rbcroyalbank.com/new-to-canada/bank-account-offers.html,
PBA Campaign Pages,Newcomers,FR,https://www.rbcroyalbank.com/nouveaux-arrivants/offres-de-comptes-bancaires.html,
PBA Campaign Pages,Newcomers,SC,https://www.rbcroyalbank.com/sc/new-to-canada/bank-account-offers.html,
PBA Campaign Pages,Newcomers,TC,https://www.rbcroyalbank.com/tc/new-to-canada/bank-account-offers.html,
PBA Campaign Pages,Newcomers,EN,https://www.rbcroyalbank.com/new-to-canada/icici/index.html,
PBA Campaign Pages,Newcomers,EN,https://www.rbcroyalbank.com/new-to-canada/icici/student.html,
PBA Journey Pages,Accounts,EN,https://www.rbcroyalbank.com/benefits-of-banking-with-rbc/index.html,No longer in scope for VIP
PBA Journey Pages,Accounts,FR,https://www.rbcroyalbank.com/avantages-des-services-bancaires-rbc/index.html,No longer in scope for VIP
PBA Journey Pages,Newcomers,EN,https://www.rbcroyalbank.com/new-to-canada/,
PBA Journey Pages,Newcomers,FR,https://www.rbcroyalbank.com/nouveaux-arrivants/,
PBA Journey Pages,Newcomers,SC,https://www.rbcroyalbank.com/sc/new-to-canada/,
PBA Journey Pages,Newcomers,TC,https://www.rbcroyalbank.com/tc/new-to-canada/,
PBA Journey Pages,Newcomers,EN,https://www.rbcroyalbank.com/new-to-canada/international-students/,
PBA Journey Pages,Newcomers,FR,https://www.rbcroyalbank.com/nouveaux-arrivants/etudiants-etrangers/,
PBA Journey Pages,Newcomers,SC,https://www.rbcroyalbank.com/sc/new-to-canada/international-students/,
PBA Journey Pages,Newcomers,TC,https://www.rbcroyalbank.com/tc/new-to-canada/international-students/,
PBA Journey Pages,Newcomers,EN,https://www.rbcroyalbank.com/new-to-canada/pre-arrival/,
PBA Journey Pages,Newcomers,FR,https://www.rbcroyalbank.com/nouveaux-arrivants/avant-larrivee/,
PBA Journey Pages,Newcomers,SC,https://www.rbcroyalbank.com/sc/new-to-canada/pre-arrival/,
PBA Journey Pages,Newcomers,TC,https://www.rbcroyalbank.com/tc/new-to-canada/pre-arrival/,
PBA Journey Pages,Newcomers,EN,https://www.rbcroyalbank.com/new-to-canada/just-arrived/,
PBA Journey Pages,Newcomers,FR,https://www.rbcroyalbank.com/nouveaux-arrivants/nouveaux-arrivants-au-canada/,
PBA Journey Pages,Newcomers,SC,https://www.rbcroyalbank.com/sc/new-to-canada/just-arrived/,
PBA Journey Pages,Newcomers,TC,https://www.rbcroyalbank.com/tc/new-to-canada/just-arrived/,
PBA Journey Pages,Newcomers,EN,https://www.rbcroyalbank.com/new-to-canada/settled-in/,
PBA Journey Pages,Newcomers,FR,https://www.rbcroyalbank.com/nouveaux-arrivants/etabli-au-canada/,
PBA Journey Pages,Newcomers,SC,https://www.rbcroyalbank.com/sc/new-to-canada/settled-in/,
PBA Journey Pages,Newcomers,TC,https://www.rbcroyalbank.com/tc/new-to-canada/settled-in/,
PBA Journey Pages,Newcomers,EN,https://www.rbcroyalbank.com/new-to-canada/financial-advisors/,
PBA Journey Pages,Newcomers,FR,https://www.rbcroyalbank.com/nouveaux-arrivants/conseillers-financiers/,
PBA Journey Pages,Newcomers,SC,https://www.rbcroyalbank.com/sc/new-to-canada/financial-advisors/,
PBA Journey Pages,Newcomers,TC,https://www.rbcroyalbank.com/tc/new-to-canada/financial-advisors/,
PBA Journey Pages,Newcomers,EN,https://www.rbcroyalbank.com/new-to-canada/bank-offers-for-permanent-resident-and-foreign-worker-newcomers/,
PBA Journey Pages,Newcomers,FR,https://www.rbcroyalbank.com/nouveaux-arrivants/offres-bancaires-pour-residents-permanents-et-travailleurs-etrangers/,
PBA Journey Pages,Newcomers,SC,https://www.rbcroyalbank.com/sc/new-to-canada/bank-offers-for-permanent-resident-and-foreign-worker-newcomers/,
PBA Journey Pages,Newcomers,TC,https://www.rbcroyalbank.com/tc/new-to-canada/bank-offers-for-permanent-resident-and-foreign-worker-newcomers/,
PBA Journey Pages,Newcomers,EN,https://www.rbcroyalbank.com/new-to-canada/investing-in-canada/,
PBA Journey Pages,Newcomers,FR,https://www.rbcroyalbank.com/nouveaux-arrivants/investir-au-canada/,
PBA Journey Pages,Newcomers,SC,https://www.rbcroyalbank.com/sc/new-to-canada/investing-in-canada/,
PBA Journey Pages,Newcomers,TC,https://www.rbcroyalbank.com/tc/new-to-canada/investing-in-canada/,
PBA Journey Pages,Newcomers,EN,https://www.rbcroyalbank.com/new-to-canada/mortgages-for-newcomers/,
PBA Journey Pages,Newcomers,FR,https://www.rbcroyalbank.com/nouveaux-arrivants/prets-hypothecaires-pour-nouveaux-arrivants/,
PBA Journey Pages,Newcomers,SC,https://www.rbcroyalbank.com/sc/new-to-canada/mortgages-for-newcomers/,
PBA Journey Pages,Newcomers,TC,https://www.rbcroyalbank.com/tc/new-to-canada/mortgages-for-newcomers/,
PBA Journey Pages,Newcomers,EN,https://www.rbcroyalbank.com/new-to-canada/moving-to-canada-checklist/,
PBA Journey Pages,Newcomers,FR,https://www.rbcroyalbank.com/nouveaux-arrivants/liste-de-verification-pour-nouveaux-arrivants-au-canada/,
PBA Journey Pages,Newcomers,SC,https://www.rbcroyalbank.com/sc/new-to-canada/moving-to-canada-checklist/,
PBA Journey Pages,Newcomers,TC,https://www.rbcroyalbank.com/tc/new-to-canada/moving-to-canada-checklist/,
PBA Journey Pages,Newcomers,EN,https://www.rbcroyalbank.com/new-to-canada/ways-to-bank/,
PBA Journey Pages,Newcomers,FR,https://www.rbcroyalbank.com/nouveaux-arrivants/modes-acces-services-bancaires/,
PBA Journey Pages,Newcomers,SC,https://www.rbcroyalbank.com/sc/new-to-canada/ways-to-bank/,
PBA Journey Pages,Newcomers,TC,https://www.rbcroyalbank.com/tc/new-to-canada/ways-to-bank/,
PBA Journey Pages,Newcomers,EN,https://www.rbcroyalbank.com/new-to-canada/business-banking-offers/,
PBA Journey Pages,Newcomers,FR,https://www.rbcroyalbank.com/nouveaux-arrivants/offres-bancaires-pour-proprietaires-entreprise-et-entrepreneurs-au-canada/,
PBA Journey Pages,Newcomers,SC,https://www.rbcroyalbank.com/sc/new-to-canada/business-banking-offers/,
PBA Journey Pages,Newcomers,TC,https://www.rbcroyalbank.com/tc/new-to-canada/business-banking-offers/,
PBA Journey Pages,Newcomers,EN,https://www.rbcroyalbank.com/new-to-canada/how-banking-in-canada-works/,
PBA Journey Pages,Newcomers,FR,https://www.rbcroyalbank.com/nouveaux-arrivants/le-systeme-bancaire-au-canada/,
PBA Journey Pages,Newcomers,SC,https://www.rbcroyalbank.com/sc/new-to-canada/how-banking-in-canada-works/,
PBA Journey Pages,Newcomers,TC,https://www.rbcroyalbank.com/tc/new-to-canada/how-banking-in-canada-works/,
PBA Journey Pages,Newcomers,EN,https://www.rbcroyalbank.com/new-to-canada/car-loans-for-newcomers/,
PBA Journey Pages,Newcomers,FR,https://www.rbcroyalbank.com/nouveaux-arrivants/prets-autos-pour-nouveaux-arrivants/,
PBA Journey Pages,Newcomers,SC,https://www.rbcroyalbank.com/sc/new-to-canada/car-loans-for-newcomers/,
PBA Journey Pages,Newcomers,TC,https://www.rbcroyalbank.com/tc/new-to-canada/car-loans-for-newcomers/,
PBA Journey Pages,Newcomers,EN,https://www.rbcroyalbank.com/new-to-canada/international-students/student-gic-program/,
PBA Journey Pages,Newcomers,FR,https://www.rbcroyalbank.com/nouveaux-arrivants/etudiants-etrangers/programme-cpg-pour-etudiants,
PBA Journey Pages,Newcomers,SC,https://www.rbcroyalbank.com/sc/new-to-canada/international-students/student-gic-program/,
PBA Journey Pages,Newcomers,TC,https://www.rbcroyalbank.com/tc/new-to-canada/international-students/student-gic-program/,
PBA Journey Pages,Newcomers,EN,https://www.rbcroyalbank.com/new-to-canada/just-arrived/building-a-credit-history-in-canada/,
PBA Journey Pages,Newcomers,FR,https://www.rbcroyalbank.com/nouveaux-arrivants/nouveaux-arrivants-au-canada/cote-de-solvabilite-canada/,
PBA Journey Pages,Newcomers,SC,https://www.rbcroyalbank.com/sc/new-to-canada/just-arrived/building-a-credit-history-in-canada/,
PBA Journey Pages,Newcomers,TC,https://www.rbcroyalbank.com/tc/new-to-canada/just-arrived/building-a-credit-history-in-canada/,
PBA Journey Pages,Newcomers,EN,https://www.rbcroyalbank.com/new-to-canada/pre-arrival/information-for-icici-bank-hello-canada-clients/,
PBA Journey Pages,Newcomers,FR,https://www.rbcroyalbank.com/nouveaux-arrivants/avant-larrivee/information-pour-clients-icici-hello-canada/,
PBA Journey Pages,Newcomers,SC,https://www.rbcroyalbank.com/sc/new-to-canada/pre-arrival/information-for-icici-bank-hello-canada-clients/,
PBA Journey Pages,Newcomers,TC,https://www.rbcroyalbank.com/tc/new-to-canada/pre-arrival/information-for-icici-bank-hello-canada-clients/,
PBA Journey Pages,Newcomers,EN,https://www.rbcroyalbank.com/new-to-canada/international-students/icici-bank-student-program-information/,
PBA Journey Pages,Newcomers,FR,https://www.rbcroyalbank.com/nouveaux-arrivants/etudiants-etrangers/information-pour-etudiants-icici-hello-canada/,
PBA Journey Pages,Newcomers,SC,https://www.rbcroyalbank.com/sc/new-to-canada/international-students/icici-bank-student-program-information/,
PBA Journey Pages,Newcomers,TC,https://www.rbcroyalbank.com/tc/new-to-canada/international-students/icici-bank-student-program-information/,
PBA Journey Pages,Newcomers,EN,https://www.rbcroyalbank.com/new-to-canada/buying-your-first-home-in-canada/,
PBA Journey Pages,Newcomers,FR,https://www.rbcroyalbank.com/nouveaux-arrivants/achat-premiere-maison-au-canada/,
PBA Journey Pages,Newcomers,SC,https://www.rbcroyalbank.com/sc/new-to-canada/buying-your-first-home-in-canada/,
PBA Journey Pages,Newcomers,TC,https://www.rbcroyalbank.com/tc/new-to-canada/buying-your-first-home-in-canada/,
PBA Journey Pages,Newcomers,EN,https://www.rbcroyalbank.com/new-to-canada/buying-your-first-car-in-canada/,
PBA Journey Pages,Newcomers,FR,https://www.rbcroyalbank.com/nouveaux-arrivants/achat-premiere-voiture-au-canada/,
PBA Journey Pages,Newcomers,SC,https://www.rbcroyalbank.com/sc/new-to-canada/buying-your-first-car-in-canada/,
PBA Journey Pages,Newcomers,TC,https://www.rbcroyalbank.com/tc/new-to-canada/buying-your-first-car-in-canada/,
PBA Journey Pages,Newcomers,EN,https://www.rbcroyalbank.com/new-to-canada/rbc-partners-offers-services/,
PBA Journey Pages,Newcomers,FR,https://www.rbcroyalbank.com/nouveaux-arrivants/offres-de-services-des-partenaires-rbc/,
PBA Journey Pages,Newcomers,SC,https://www.rbcroyalbank.com/sc/new-to-canada/rbc-partners-offers-services/,
PBA Journey Pages,Newcomers,TC,https://www.rbcroyalbank.com/tc/new-to-canada/rbc-partners-offers-services,
PBA Journey Pages,Newcomers,EN,https://www.rbcroyalbank.com/new-to-canada/international-students/article/how-to-find-the-best-bank-account-for-international-students.html,
PBA Journey Pages,Newcomers,FR,https://www.rbcroyalbank.com/nouveaux-arrivants/etudiants-etrangers/article/trouver-le-meilleur-compte-bancaire-pour-etudiant-etranger.html,
Other PBA pages,Glossary,EN,https://www.rbcroyalbank.com/new-to-canada/glossary-financial-terms/,
Other PBA pages,Glossary,FR,https://www.rbcroyalbank.com/nouveaux-arrivants/glossaire-de-termes-financiers/,
Other PBA pages,Glossary,SC,https://www.rbcroyalbank.com/sc/new-to-canada/glossary-financial-terms/,
Other PBA pages,Glossary,TC,https://www.rbcroyalbank.com/tc/new-to-canada/glossary-financial-terms/,
Other PBA pages,Mobile Prospect Lobby,EN,https://www.rbcroyalbank.com/dms/enterprise/lunar-new-year.html,No longer in scope for VIP
Other PBA pages,Mobile Prospect Lobby,FR,https://www.rbcroyalbank.com/dms/enterprise/lunar-new-year-fr.html,No longer in scope for VIP
Other PBA pages,Mobile Prospect Lobby,SC,https://www.rbcroyalbank.com/dms/enterprise/lunar-new-year-sc.html,No longer in scope for VIP
Other PBA pages,Mobile Prospect Lobby,TC,https://www.rbcroyalbank.com/dms/enterprise/lunar-new-year-tc.html,No longer in scope for VIP
Other PBA pages,Mobile Prospect Lobby,EN,https://www.rbcroyalbank.com/new-to-canada/hybrid/bank-account-offers-mobile-prospect-lobby.html,
Other PBA pages,Mobile Prospect Lobby,FR,https://www.rbcroyalbank.com/nouveaux-arrivants/hybride/offres-de-comptes-bancaires-sans-frais-canada.html?id=advantage,
Additional Pages (Pilot Screaming Frog Crawl),Chequing Accounts Offers (Mobile Prospect Lobby),EN,https://www.rbcroyalbank.com/bank-accounts/chequing-accounts-offers-mobile-prospect-lobby.html,
Additional Pages (Pilot Screaming Frog Crawl),Nomi Find & Save (Savings subfolder),EN,https://www.rbcroyalbank.com/bank-accounts/savings-accounts/nomi-find-and-save.html,
Additional Pages (Pilot Screaming Frog Crawl),Youth & Student Banking (alias landing page),EN,https://www.rbcroyalbank.com/bank-accounts/youth-student-banking/youth-student-banking.html,
Additional Pages (Pilot Screaming Frog Crawl),How Interest Works on a Savings Account,EN,https://www.rbcroyalbank.com/bank-accounts/savings-accounts/how-does-interest-work-on-a-savings-account.html,
Additional Pages (Pilot Screaming Frog Crawl),How Interest Works on a Savings Account,FR,https://www.rbcroyalbank.com/fr/comptes-bancaires/comptes-depargne/fonctionnement-des-interets-sur-un-compte-depargne.html,
Additional Pages (Pilot Screaming Frog Crawl),How to Choose the Best Savings Account for Me,EN,https://www.rbcroyalbank.com/bank-accounts/savings-accounts/how-to-choose-the-best-savings-account-for-me.html,
Additional Pages (Pilot Screaming Frog Crawl),How to Choose the Best Savings Account for Me,FR,https://www.rbcroyalbank.com/fr/comptes-bancaires/comptes-depargne/choisir-le-meilleur-compte-depargne-pour-moi.html,
Additional Pages (Pilot Screaming Frog Crawl),What Are the Different Types of Savings Accounts in Canada,EN,https://www.rbcroyalbank.com/bank-accounts/savings-accounts/what-are-the-different-types-of-savings-accounts-in-canada.html,
Additional Pages (Pilot Screaming Frog Crawl),What Are the Different Types of Savings Accounts in Canada,FR,https://www.rbcroyalbank.com/fr/comptes-bancaires/comptes-depargne/quels-sont-les-differents-types-de-compte-depargne-au-canada.html,
Additional Pages (Pilot Screaming Frog Crawl),What Is a Savings Account and How Do I Use It,EN,https://www.rbcroyalbank.com/bank-accounts/savings-accounts/what-is-a-savings-account-and-how-do-i-use-it.html,
Additional Pages (Pilot Screaming Frog Crawl),What Is a Savings Account and How Do I Use It,FR,https://www.rbcroyalbank.com/fr/comptes-bancaires/comptes-depargne/quest-ce-quun-compte-depargne-et-comment-lutiliser.html,
Additional Pages (Pilot Screaming Frog Crawl),RBC Newcomer Advantage Bank Account (landing page),EN,https://www.rbcroyalbank.com/new-to-canada/rbc-newcomer-advantage-bank-account/index.html,
Additional Pages (Pilot Screaming Frog Crawl),RBC Newcomer Advantage Bank Account (landing page),FR,https://www.rbcroyalbank.com/nouveaux-arrivants/compte-bancaire-avantage-nouveaux-arrivants-rbc/index.html,
Additional Pages (Pilot Screaming Frog Crawl),RBC Newcomer Advantage Bank Account (landing page),SC,https://www.rbcroyalbank.com/sc/new-to-canada/rbc-newcomer-advantage-bank-account/,
Additional Pages (Pilot Screaming Frog Crawl),RBC Newcomer Advantage Bank Account (landing page),TC,https://www.rbcroyalbank.com/tc/new-to-canada/rbc-newcomer-advantage-bank-account/index.html,
Additional Pages (Pilot Screaming Frog Crawl),Advantage Banking Students — Variant B,EN,https://www.rbcroyalbank.com/bank-accounts/youth-student-banking/advantage-banking-students-b.html,
Additional Pages (Pilot Screaming Frog Crawl),Advantage Banking Students — Variant B,FR,https://www.rbcroyalbank.com/fr/comptes-bancaires/comptes-jeunes-etudiants/forfait-bancaire-avantage-etudiant-b.html,
Additional Pages (Pilot Screaming Frog Crawl),Advantage Banking Students — Variant C,EN,https://www.rbcroyalbank.com/bank-accounts/youth-student-banking/advantage-banking-students-c.html,
Additional Pages (Pilot Screaming Frog Crawl),Advantage Banking Students — Variant C,FR,https://www.rbcroyalbank.com/fr/comptes-bancaires/comptes-jeunes-etudiants/forfait-bancaire-avantage-etudiant-c.html,
Additional Pages (Pilot Screaming Frog Crawl),Airpods Terms & Conditions,EN,https://www.rbcroyalbank.com/bank-accounts/students/offers/airpods-terms-and-conditions.html,
Additional Pages (Pilot Screaming Frog Crawl),Airpods Terms & Conditions,FR,https://www.rbcroyalbank.com/fr/comptes-bancaires/etudiants/offres/airpods-termes-et-conditions.html,
Additional Pages (Pilot Screaming Frog Crawl),High Interest Savings Account — Variant B,FR,https://www.rbcroyalbank.com/fr/comptes-bancaires/comptes-depargne/compte-epargne-a-interet-eleve-b.html,
